kodepoksi	kodeunit	namapoksi	kodeperusahaan	creator	modifier	tgl_creator	tgl_modifier	idUnit
10000	10000	Mengelola dan merumuskan kebijakan Perusahaan secara menyeluruh dan terintegrasi sesuai kebijakan umum yang digariskan Pemerintah cq. Menteri Negara Pendayagunaan BUMN dan Pemegang Saham serta menetapkan kebijakan Perusahaan dan sasaran Rencana Jangka Panjang Perusahaan (RJPP) dan Rencana Kerja & Anggaran Perusahaan (RKAP) serta mengkoordinasikan dan mengintegrasikan fungsi masing-masing Direktur; Deputy Direktur Strategic; Corporate Secretary; Head Of Internal Control; untuk tercapainya misi dan tujuan perusahaan sehingga memperoleh laba dalam arti yang luas	KS	1	1	2013-08-15 03:34:44	2013-09-17 10:14:11	19
12000	12000	Memikirkan, merumuskan, merekomendasikan dan melaksanakan strategi, kebijakan dan program komunikasi internal maupun eksternal perusahaan, penyimpanan risalah rapat Direksi, pengelolaan dokumen penting perusahaan termasuk Surat Keputusan Direksi, implementasi dan audit GCG dan Risk. Management Perusahaan, penanganan permasalahan hukum dan pertimbangan hukum terhadap aktivitas bisnis perusahaan serta mengintegrasikan fungsi Corporate Communication dan Community Development dalam rangka meningkatkan citra perusahaan untuk mendukung visi dan misi perusahaan	KS	1	1	2013-08-15 03:36:37	2013-09-18 03:47:20	26
12200	12200	Mengorganisasikan, mengkoordinasikan, merekomendasikan dan melaksanakan program pengembangan, implementasi strategi komunikasi internal dan external perusahaan meliputi promosi dan penyebaran informasi, pengelolaan web site perusahaan, penciptaan berita dan peristiwa yang bernilai positif bagi perusahaan, pro aktif dalam merespon isu-isu kebijakan public yang mempengaruhi bisnis perusahaan, mengkomunikasikan kebijakan Direksi/Perusahaan, melaksanakan kegiatan protokoler meliputi pengaturan acara termasuk penyiapan fasilitas/akomodasi, pengaturan kegiatan rumah tangga Direksi, mengkomunikasikan kebijakan-kebijakan Direksi/Perusahaan dan bertindak sebagai event organizer kepada pihak internal perusahaan, mewakili Perusahaan/Direksi dan/atau mendampingi Direksi pada acra-acra yang diselenggarakan Instansi/Instusi tertentu	KS	1		2013-08-15 03:37:18		48
12400	12400	Melaksanakan manajemen dalam implementasi GCG dan pengelolaan manajemen risiko PT KS dan Grup, pelaksanaan sosialisasi, evaluasi, monitoring, laporan GCG&Risk Management serta audit bersama SPI 	KS	1	6001	2013-09-02 11:46:37	2013-10-30 10:16:40	49
12500	12500	Mengorganisasikan dan mengkoordinasikan pengkajian dan penelitian kontrak-kontrak kerja, surat-surat Keputusan Direksi dan Peraturan Perusahaan dari aspek hukum, mengurus perijinan, bantuan hukum perusahaan serta bertindak sebagai kuasa hukum perusahaan dalam memproteksi maupun menyelesaikan masalah hukum perusahaan serta menyiapkan legal analisis dan memorandum atas permasalahan hukum yang timbul akibat kontrak kerja, permasalahan hukum ketenagakerjaan, hukum pertanahan dan permasalahan-permasalahan hukum lainnya	KS	1		2013-08-15 03:37:44		50
1250101	12501	Aku sayang kamu	KS	1		2013-10-02 11:27:05		51
13000	13000	Merencanakan, mengorganisasikan, mengkoordinasikan dan mengendalikan aktivitas perumusan sasaran & rencana strategis internal audit, pelaksanaan audit pada seluruh unit bisnis perusahaan, monitoring tindak lanjut hasil audit dari Internal Audit maupun Eksternal Audit, konsultan internal bagi manajemen perusahaan dengan menghasilkan laporan yang memuat rekomendasi atau alternatif solusi mengenai keandalan sistem pengendalian intern, kepatuhan terhadap peraturan dan perundangan yang berlaku dan kecukupan pelaksanaan risk management guna peningkatan efisiensi, efektivitas dan kinerja perusahaan	KS	1		2013-08-15 03:38:04		27
13200	13200	Merencanakan, mengorganisasikan, mengkoordinasikan dan mengendalikan aktivitas pelaksanaan audit pada obyek operasional, strategis dan fraud audit dibidang operasional dan informasi teknologi serta proyek, mengevaluasi dan menetapkan status tindak lanjut rekomendasi, konsultan internal bagi manajemen perusahaan, dengan menghasilkan laporan hasil audit yang memuat rekomendasi atau alternatif solusi mengenai keandalan sistem pengendalian intern, kepatuhan terhadap peraturan dan perundangan yang berlaku serta kecukupan pelaksanaan risk manajemen guna peningkatan efisiensi, efektivitas dan kinerja perusahaan	KS	1		2013-08-15 03:38:28		
13300	13300	Merencanakan, mengorganisasikan, mengkoordinasikan dan mengendalikan aktivitas pelaksanaan audit pada obyek operasional, strategis dan fraud audit di bidang komersial (pemasaran, logistik, keuangan dan HRD), mengevaluasi dan menetapkan status tindak lanjut rekomendasi, konsultan internal bagi manajemen perusahaan, dengan menghasilkan laporan hasil audit yang memuat rekomendasi atau alternatif solusi mengenai keandalan sistem pengendalian intern, kepatuhan terhadap peraturan dan perundangan yang berlaku serta kecukupan pelaksanaan risk manajemen guna peningkatan efisiensi, efektivitas dan kinerja perusahaan	KS	1		2013-08-15 03:39:01		
20000	20000	Merencanakan, merumuskan, mengendalikan dan mengembangkan kebijakan-kebijakan dan strategi pengelolaan logistik perusahaan yang meliputi perencanaan pengadaan bahan baku dan material atau barang-barang penunjang lainnya sehingga pengadaan barang untuk menunjang terselenggaranya operasional bisnis perusahaan berjalan efektif dan efisien	KS	1		2013-08-15 03:39:23		20
22000	22000	Mengendalikan perencanaan dan penyusunan strategi pembelian barang maupun pengadaan jasa, sourcing management, pengelolaan katalogisasi barang maupun jasa, evaluasi perkiraan harga, clearance barang impor, manajemen vendor, penanganan klaim pembelian barang apabila terjadi penyimpangan dan manajemen pergudangan untuk memastikan perencanaan dan pengendalian pembelian barang maupun pengadaan jasa tepat kualitas, kuantitas, spesifikasi, harga maupun waktu sesuai kebutuhan perusahaan serta kegiatan pengendalian, penyimpanan dan pelayanan barang di gudang dapat dikelola dengan baik	KS	1		2013-08-15 03:40:03		28
22200	22200	Mengorganisasikan dan mengkoordinasikan kegiatan evaluasi dan penyusunan Harga Perkiraan Sendiri/Owner Estimate (HPS/OE) untuk pembelian barang dan penyusunan harga satuan pekerjaan jasa untuk perencanaan pengadaan jasa, evaluasi dan penyusunan katalogisasi spesifikasi barang baik suku cadang, bahan baku maupun bahan pembantu produksi dan barang umum lainnya serta evaluasi dan penyusunan Services Master Catalog, memastikan dan memutahirkan data-data tersebut diatas serta kegiatan sourcing dengan baik	KS	1		2013-08-15 03:40:36		55
22300	22300	Mengorganisasikan dan mengkoordinasikan kegiatan perencanaan pembelian bahan baku dan bahan pembantu produksi, material umum lainnya, perencanaan pengadaan seluruh pekerjaan jasa yang ada di perusahaan kecuali pekerjaan jasa perawatan pabrik dan jasa pembangunan, untuk menjamin akurasi dan optimasi perencanaan pengadaan barang maupun jasa	KS	1		2013-08-15 03:41:05		54
22400	22400	Mengorganisasikan dan mengkoordinasikan kegiatan penerimaan, pemeriksaan, penyimpanan, pemeliharaan, distribusi dan pengendalian stok suku cadang dan non suku cadang, pengelolaan barang limbah, guna menjamin pengelolaan barang di gudang efisien dan efektif	KS	1		2013-08-15 03:41:40		53
22500	22500	Mengorganisasikan dan mengkoordinasikan serta menyelenggarakan kegiatan vendor manajemen yang meliputi registrasi, assessment dan evaluasi vendor, pelaksanaan penerbitan service entry dan Service Acceptance atas pekerjaan jasa non pembangunan; penanganan klaim terhadap vendor atas pembelian barang dan jasa ; pengurus barang impor, akseptasi dan penjadwalan kapal; serta memastikan dan memutahirkan master data vendor, agar pengadaan barang dan jasa non pembangunan berjalan secara efektif dan efesien	KS	1		2013-08-15 03:42:02		52
23000	23000	Mengendalikan proses dan menentukan strategi pembelian barang maupun pengadaan jasa guna memastikan proses pengadaan barang maupun jasa berjalan secara efektif dan efisien dan sesuai prosedur yang telah ditetapkan, tepat harga, tepat kualitas, tepat kuantitas dan tepat waktu	KS	1		2013-08-15 03:42:26		29
23200	23200	Mengorganisasikan dan mengkoordinasikan proses pembelian suku cadang baik suku cadang mekanik, listrik maupun suku cadang lainnya serta guna menjamin proses pembelian suku cadang berjalan optimal, sesuai prosedur, tepat harga, tepat kualitas, tepat kuantitas dan tepat waktu	KS	1		2013-08-15 03:42:46		58
23300	23300	Mengorganisasikan dan mengkoordinasikan proses pembelian bahan baku, bahan pembantu produksi dan barang atau material  umum lainnya guna menjamin proses pembelian non suku cadang berjalan optimal, sesuai prosedur, tepat harga, tepat kualitas, tepat kuantitas dan tepat waktu	KS	1	4645	2013-08-15 03:43:11	2013-11-22 04:04:58	57
23400	23400	Mengorganisasikan dan mengkoordinasikan kegiatan pengadaan jasa perawatan pabrik, jasa perawatan sipil mupun umum dan jasa non perawatan, serta guna memastikan pelaksanaan pengadaan jasa berjalan optimal, sesuai prosedur, tepat harga, tepat kualitas, tepat kuantitas dan tepat waktu	KS	1		2013-08-15 03:43:33		56
30000	30000	Memastikan perusahaan menyediakan produk baja bermutu sesuai kebutuhan konsumen maupun pasar, tepat waktu dengan harga yang kompetitif melalui proses pengendalian kehandalan fasilitas produksi, efisiensi proses produksi, ketepatan penjaminan kualitas dan ketepatan kegiatan riset dan pengembangan proses maupun produk	KS	1		2013-08-15 03:43:55		21
30200	30200	Mengorganisasikan dan mengkoordinasikan aktivitas peningkatan kualitas lingkungan industri PT Krakatau Steel, penurunan tingkat terjadinya kecelakaan kerja, penanganan bencana, penanganan pemadam kebakaran dan penelitian dampak lingkungan operasi pabrik, sebagai regulator untuk limbah, serta mengembangkan sistem manajemen mutu lingkungan industri dan lingkungan kerja untuk menjamin seluruh aspek Keselamatan Kerja dan Lingkungan Hidup sesuai standar yang ditetapkan	KS	1		2013-08-15 03:44:13		59
32000	32000	Memikirkan, merumuskan, merekomendasikan dan melaksanakan strategi, kebijakan penjaminan dan pengendalian kualitas proses dan produk serta kegiatan pengembangan, pengkajian proses pembuatan produk baja, produk aplikasi baru, material untuk proses pembuatan baja; penanganan terhadap klaim & complain dari pelanggan untuk mendukung operasional dan peningkatan kualitas proses dan produk sesuai rencana tahunan dan rencana jangka panjang perusahaan	KS	1		2013-08-15 03:44:38		30
32200	32200	Mengorganisasikan dan mengkoordinasikan kegiatan pengelolaan, pemeliharaan,  peningkatan dan pengendalian dokumen   Sistem Manajemen Krakatau Steel secara terpadu, serta pengurusan administrasi HaKI untuk menjamin mutu produk, proses dan kepuasan pelanggan	KS	1		2013-08-15 03:45:15		60
32300	32300	Mengorganisasikan dan mengkoordinasikan perbaikan/ improvement proses dan material, inovasi dan development material, peningkatan kualitas rancangan dan riset, pengembangan produk yang bernilai tambah tinggi, penyiapan materi informasi teknis produk PTKS, serta memastikan dan memutahirkan master data semifinished products dan finished product  sebagai wahana promosi menunjang pemasaran produk regular maupun aplikasi baru	KS	1		2013-08-15 03:45:38		61
32400	32400	Mengorganisasikan dan mengkoordinasikan kegiatan pengendalian kualitas  proses dan produk jadi sesuai standar, delivery inspection, melakukan pengujian laboratorium mekanik dan kimia, serta memastikan dan memutahirkan master data defect catalogue, selected set untuk menjamin kesesuaian kualitas produksi yang dihasilkan hingga dapat menurunkan jumlah claim teknis dalam meningkatkan kepuasan pelanggan	KS	1		2013-08-15 03:45:46		62
32500	32500	Mengorganisasikan dan mengkoordinasikan kegiatan pelayanan technical support produk Krakatau Steel kepada sales dan pelanggan, pelayanan klaim dan komplain terhadap mutu produk dan mutu pelayanan (non teknis) serta merencanakan pelaksanaan kunjungan kepada pelanggan	KS	1		2013-08-15 03:46:17		63
33000	33000	Memikirkan, merumuskan, merekomendasikan dan melaksanakan strategi, kebijakan peningkatan efektivitas kinerja pabrik dalam rangka meningkatkan produksi pabrik besi spons, billet baja dan slab baja yang berkualitas berdasarkan rencana produksi serta memelihara seluruh peralatan, instalasi  pabrik dan penunjangnya untuk mencapai target-target yang telah ditetapkan 	KS	1		2013-08-15 03:46:26		31
33200	33200	Merencanakan, mengorganisasikan dan memonitor seluruh proses DR Plant  dari pengolahan bahan baku, bahan pembantu, mesin-mesin produksi, peralatan handling dan teknologi proses, serta mengkoordinasikan dan merencanakan aktivitas perawatan / perbaikan seluruh peralatan mekanik, listrik, instrumen di pabrik Direct Reduction Plant (DR Plant) untuk menghasilkan besi spons  (DRI) sesuai target kualitas dan kuantitas yang ditetapkan dengan biaya yang efisien, tepat waktu serta menjaga seluruh fasilitas produksi DR Plant dalam kondisi optimal	KS	1		2013-08-15 03:46:51		
33400	33400	Mengorganisasikan dan mengkoordinasikan  produksi slab baja meliputi : operasi peleburan, secondary process, pengecoran, refractory pada Pabrik Slab Baja I, meminimasi biaya produksi dengan cara meningkatkan yield, efisiensi pemakaian Listrik, Electroda dan Refractory untuk mencapai target produksi yang telah ditetapkan	KS	1		2013-08-15 03:47:18		
33500	33500	Mengorganisasikan dan mengkoordinasikan produksi slab baja meliputi : operasi peleburan, secondary process, pengecoran, refractory, meminimasi biaya produksi slab baja dengan cara meningkatkan yield, efisiensi pemakaian Listrik, Electroda dan Refractory untuk mencapai target produksi yang telah ditetapkan	KS	1	7445A	2013-08-15 03:47:51	2013-10-18 08:19:58	67
33600	33600	Mengorganisasikan dan mengkoordinasikan aktivitas perawatan, perbaikan dan peningkatkan kesiapan mesin-mesin/peralatan pabrik pada seluruh peralatan mekanik, listrik, instrumen, komputer Pabrik Slab Baja dan Pabrik Billet Baja sesuai kualitas dan sistem manajemen perawatan untuk mendukung pencapaian target produksi	KS	1		2013-08-15 03:48:21		66
33700	33700	Mengorganisasikan dan mengkoordinasikan  produksi billet baja meliputi : operasi peleburan, pengolahan, pengecoran, refractory pada Pabrik Billet Baja, meminimasi biaya produksi dengan cara meningkatkan yield, efisiensi pemakaian Listrik, Electroda dan Refractory untuk mencapai target produksi yang telah ditetapkan	KS	1		2013-08-15 03:48:46		65
3370101	33701	Merencanakan, mengorganisasikan dan memonitor seluruh proses DR Plant dari pengelolaan bahan baku, bahan pembantu, mesi-mesin produksi, peralatan handling dan teknologi proses, serta mengorganisasikan dan merencanakan aktifitas perawatan/perbaikan seluruh peralatan mekanik, listrik, instrument di pabrik Direct Reduction Plant (DR Plant) sesuai target kualitas dan kuantitas yang ditetapkan dengan biaya yang efisien, tepat waktu serta menjaga seluruh fasilitas produksi DR Plant dalam kondidi optimal.	KS	1	7990	2013-09-30 11:30:38	2013-10-01 05:02:12	64
34000	34000	Memikirkan, merumuskan, merekomendasikan dan melaksanakan strategi, kebijakan peningkatan efektivitas kinerja pabrik dalam rangka meningkatkan produksi pabrik baja lembaran panas, pabrik baja lembaran dingin, pabrik batang kawat yang berkualitas berdasarkan rencana produksi serta memelihara seluruh peralatan, instalasi  pabrik dan penunjangnya untuk mencapai target yang telah ditetapkan	KS	1		2013-08-15 04:13:33		32
34200	34200	Mengorganisasikan dan mengkoordinasikan  kegiatan produksi Baja Lembaran Panas yang meliputi : operasi pengerolan, operasi pemotongan baja lembaran, peningkatan Yield Produksi, peningkatan kualitas produk, peningkatan kemampuan pabrik dalam berproduksi, peningkatan kualitas proses produksi guna meningkatkan hasil produksi sesuai order untuk mencapai target produksi yang telah ditetapkan	KS	1		2013-08-15 05:06:56		68
34300	34300	Mengorganisasikan dan mengkoordinasikan aktivitas perawatan, perbaikan dan peningkatkan kesiapan mesin-mesin/peralatan pabrik pada seluruh peralatan mekanik, listrik, instrumen, komputer Pabrik Pengerolan Baja Lembaran Panas Dan Batang Kawat sesuai kualitas dan sistem manajemen perawatan untuk mendukung pencapaian target produksi.	KS	1		2013-08-15 05:07:22		69
34500	34500	Mengorganisasikan dan mengkoordinasikan aktivitas perawatan, perbaikan dan peningkatkan kesiapan mesin-mesin/peralatan pabrik pada seluruh peralatan mekanik, listrik, instrumen, komputer Pabrik Pengerolan Baja Lembaran Dingin sesuai kualitas dan sistem manajemen perawatan untuk mendukung pencapaian target produksi	KS	1		2013-08-15 06:26:38		70
34600	34600	Mengorganisasikan dan mengkoordinasikan  kegiatan produksi Batang Kawat meliputi : peningkatan Yield Produksi, peningkatan kualitas produk Batang Kawat, peningkatan kemampuan pabrik dalam berproduksi, peningkatan kualitas proses produksi guna meningkatkan hasil produksi sesuai order untuk mencapai target produksi yang telah ditetapkan	KS	1		2013-08-15 06:27:07		71
34601	34601	Mengorganisasikan dan mengkoordinasikan  kegiatan  produksi Baja Lembaran Dingin meliputi : peningkatan Yield Produksi, peningkatan kualitas produk Baja Lembaran Dingin, peningkatan kemampuan pabrik dalam berproduksi, peningkatan kualitas proses produksi guna meningkatkan hasil produksi sesuai order untuk mencapai target produksi yang telah ditetapkan	KS	1	1	2013-08-15 05:08:50	2013-10-11 08:35:47	72
35000	35000	Memikirkan, merumuskan, merekomendasikan dan melaksanakan strategi perawatan dan energi, kebijakan kesiapan mesin-mesin / peralatan pabrik, pengelolaan catalog dan history harga suku cadang dan jasa perawatan pabrik, merencanakan dan mengadakan jasa perawatan perbengkelan dan pabrik, pengembangan dan rekayasa teknik, menjamin ketersediaan supply energi dalam rangka mendukung kelancaran produksi dan pencapaian target produksi	KS	1		2013-08-15 06:27:56		33
35200	35200	Mengorganisasikan dan mengkoordinasikan aktivitas utilisasi bengkel mekanik meliputi : perbaikan peralatan pabrik, pembuatan suku cadang untuk perbaikan, pembuatan suku cadang dan perbaikan yang ditangani pihak luar melalui kontrak jasa serta perawatan lapangan beserta mengelola jasa perawatan lapangan dari pihak luar melalui kontrak berdasarkan permintaan dari unit-unit produksi, untuk menjamin kehandalan dan kelancaran operasi pabrik	KS	1		2013-08-15 06:28:23		76
35300	35300	Mengorganisasikan dan mengkoordinasikan aktivitas rekayasa teknik yang meliputi : mengelola dokumen teknik, gambar/design engineering, estimate engineering, scope of work, TOR dan bestek, analisis engineering, modifikasi engineering baik perawatan dan pembangunan rutin serta inspeksi teknik untuk memastikan dan memutahirkan data engineering guna peningkatan kehandalan peralatan pabrik	KS	1		2013-08-15 06:28:55		75
35400	35400	Mengorganisasikan dan mengkoordinasikan aktivitas peningkatan utilisasi bengkel   listrik, elektronik, instrument, sarana dan prasarana pabrik (general service), dengan cara  mempercepat waktu penyelesaian pekerjaaan dan efektifitas pelaksanaan pekerjaan, pengendalian operasional supply Energi Listrik, Air dan Gas dalam rangka mendukung kelancaran produksi, pengelolaan produksi kapur bakar dan gas industri untuk menunjang kelancaran operasi pabrik	KS	1		2013-08-15 06:29:17		74
35500	35500	Mengorganisasikan dan mengkoordinasikan aktivitas  perencanaan suku cadang rutin dan common, menyusun catalog dan estimasi harga (HPS/OE) Spare Part dan jasa perawatan, perencanaan jasa perawatan pabrik, menyusun dan mengelola katalog suku cadang dan historical harga suku cadang dan jasa perawatan pabrik serta membuat laporan kinerja perawatan & suku cadang perawatan pabrik untuk menunjang kelancaran operasi seluruh pabrik	KS	1		2013-08-15 06:29:47		73
36000	36000	Memikirkan, merumuskan, merekomendasikan dan melaksanakan strategi, kebijakan dan program perencanaan produksi sesuai delivery order dan optimasi kapasitas produksi, pengendalian tingkat persediaan produk jadi pada level yang optimum,  pengelolaan dan optimasi kebutuhan dan penanganan material produksi (bahan baku dan penunjang utama) untuk menunjang kelancaran dan tercapainya target produksi serta supply chain management	KS	1		2013-08-15 06:30:14		34
36200	36200	Mengorganisasikan, mengkoordinasikan, merekomendasikan dan melaksanakan program serta kegiatan improvement Supply Chain; mengintegrasikan operasional proses bisnis meliputi material, informasi, time frame dan menyusun/mengevaluasi FS (Feasibility Study) serta melakukan evaluasi efektivitas investasi terhadap parameter utama pada sektor pemasaran, logistik dan produksi sebagai bahan evaluasi management serta melakukan usaha peningkatan produktivitas, efisiensi, efektivitas dan optimalisasi dalam kegiatan operasional di setiap lini rantai supply dan memastikan pemutakhiran data product groups, Bill of Material (BOM) dan  Routing agar selalu update dan sesuai dengan kondisi actual	KS	1		2013-08-15 06:30:36		77
36300	36300	Mengorganisasikan dan mengkoordinasikan aktivitas perencanaan dan pengendalian Produksi sesuai dengan Delivery Order, utilisasi ready stock ke order serta  penyiapan, prosesing, distribusi & penyimpanan bahan baku dan bahan pembantu utama (Non Spons, Batu Kapur) sesuai dengan kebutuhan produksi pada pabrik besi spons dan baja batangan, pabrik slab baja, pabrik baja lembaran, untuk mencapai target produksi yang ditetapkan dengan pembebanan pabrik secara optimum	KS	1		2013-08-15 06:31:02		78
40000	40000	Memastikan perusahaan memiliki strategi, kebijakan dan manajemen yang handal dan adaptif terhadap tuntutan perkembangan pasar dan konsumen maupun kelancaran operasional bisnis melalui pengelolaan kebijakan strategi pemasaran produk, by product dan jasa non core Krakatau Steel di pasar dalam negeri maupun luar negeri guna mengoptimalkan utilisasi kapasitas produksi dan menghasilkan profit maksimal sesuai policy pemasaran yang ditetapkan perusahaan	KS	1		2013-08-15 06:31:35		22
42000	42000	Memikirkan, merumuskan, merekomendasikan dan melaksanakan strategi, kebijakan dan program penjualan Flat product dan long product untuk area pasar Domestik dan Ekspor dengan segmen pasar strategic account yang mayoritas kebutuhan konsumennya adalah produk HRC/Plate, dan penjualan produk untuk industri Shipbuilding, Train, serta penjualan untuk Project dan pengembangan pasar domestik wilayah Indonesia Timur melalui kantor cabang Surabaya, wilayah Indonesia Barat melalui perwakilan Batam serta penjualan by product untuk tujuan ekspor guna menjamin tercapainya target penjualan dan peningkatan loyalitas  pelanggan serta  memastikan penjualan produk dan utilisasi fasiltas produksi HRC/P mencapai target yang ditetapkan	KS	1		2013-08-15 06:31:44		35
42200	42200	Mengorganisasikan dan mengkoordinasikan penyusunan Sales Plan, target penjualan, pelaksanaan aktivitas penjualan flat product & long product untuk segmen pasar strategic account yang mayoritas kebutuhan konsumennya produk HRC/P (Hot Rolled Coil/ Plate) meliputi : segmen pasar Oil & Gas Pipe (OGP), P&T Commercial, BPV dan Rerolling serta segmen lainnya guna menjamin tercapainya target penjualan dan loyalitas pelanggan yang ditetapkan	KS	1		2013-08-15 06:32:24		82
42300	42300	Mengorganisasikan dan mengkoordinasikan penyusunan Sales Plan, target penjualan, pelaksanaan aktivitas penjualan flat product & long product untuk segmen pasar yang mayoritas kebutuhannya HRC/P meliputi General Structure, Ship Building, Train, Coil Center dan Stockist	KS	1	11795	2013-08-15 06:32:45	2013-11-07 04:41:55	81
43000	43000	Mengorganisasikan dan mengkoordinasikan penyusunan Sales Plan, target penjualan, pelaksanaan aktivitas penjualan flat product & long product untuk tujuan ekspor dan indirect ekspor, penjualan dan pengembangan pasar wilayah Indonesia Timur melalui Kantor Cabang Surabaya dan Indonesia Barat melalui perwakilan Batam, segmen pasar Project Engineering Procurement Construction (EPC) Non Pipe serta penjualan by product untuk tujuan ekspor guna menjamin tercapainya target penjualan dan loyalitas pelanggan yang telah ditetapkan	KS	1		2013-08-15 06:33:23		44
43200	43200	Memikirkan, merumuskan, merekomendasikan dan melaksanakan strategi, kebijakan dan program penjualan Flat product dan long product untuk area pasar Domestik segmen pasar strategic account yang mayoritas kebutuhan konsumennya adalah produk CRC/S dan long product (Wire Rod dan Billet), semua produk untuk segmen Automotive & Heavy Equipment serta penjualan By Product & Industrial Service domestik guna menjamin tercapainya target penjualan dan peningkatan loyalitas pelanggan serta memastikan penjualan produk dan utilisasi fasiltas produksi CRC/S, Wire Rod dan Billet mencapai target yang ditetapkan	KS	1		2013-08-15 06:33:47		
43300	43300	Mengorganisasikan dan mengkoordinasikan penyusunan Sales Plan, target penjualan, pelaksanaan aktivitas penjualan flat product & long product untuk segmen pasar strategic account yang mayoritas kebutuhan konsumennya produk CRC/S (Cold Rolled Coil/Sheet) yang meliputi segmen pasar GIS (Galvalum & galvanized), HOA, HOE, HOF, Enamel, P&T, Drum & packaging serta stockist dan segmen lainnya serta segmen Automotive & Heavy Equipment guna menjamin tercapainya target penjualan dan loyalitas pelanggan yang ditetapkan	KS	1	10731	2013-08-15 06:34:08	2013-11-07 04:42:53	80
4330101	43301	Optimalisasi volume & revenue penjualan wire rod, by product & jasa non core sesuai target yang ditetapkan	KS	1	11443A	2013-10-23 10:15:20	2013-11-07 04:41:50	79
43400	43400	Mengorganisasikan dan mengkoordinasikan penyusunan Sales Plan, target penjualan, pelaksanaan aktivitas penjualan flat product & long product untuk segmen pasar strategic account yang mayoritas kebutuhan konsumennya produk Wire rod dan billet yang meliputi segmen pasar HVA & Nail, Construction & Wire Mesh, spring, Bolt & nutt, stockist dan segmen lainnya guna menjamin tercapainya target penjualan dan loyalitas pelanggan yang ditetapkan serta penjualan untuk By Product & Industrial Services / jasa non core untuk pasar domestik guna menunjang kebersihan lingkungan pabrik dan pemanfaatan aset non produktif	KS	1		2013-08-15 06:34:37		
44000	44000	Memikirkan, merumuskan, merekomendasikan dan melaksanakan strategi, kebijakan pengembanagan pasar, penyediaan informasi pasar domestik dan global, mengendalikan kebijakan profitabilitas & manajemen produk, pengelolaan sistem informasi pemasaran dan administrasi penjualan serta peningkatan kualitas penanganan dan pengiriman hasil produksi ke pelanggan untuk meningkatkan kepuasan pelanggan dan peningkatan nilai penjualan produk	KS	1	1	2013-08-15 06:34:38	2013-08-15 06:36:50	36
44200	44200	Mengorganisasikan dan mengkoordinasikan penyediaan informasi pasar jangka panjang dan jangka pendek melalui penelitian dan penyelidikan pasar global maupun domestik untuk memastikan dan memutahirkan informasi pasar dan customer master data guna menunjang pencapaian target penjualan dan pemasaran yang telah ditetapkan dan menunjang upaya mempertahankan, mengembangkan dan memperluas pangsa pasa	KS	1		2013-08-15 06:37:17		83
44300	44300	Mengorganisasikan dan mengkoordinasikan proses penyusunan rencana pemasaran, analisis profitabilitas dan manajemen produk, analisis pelanggan dan area serta menetapkan space allocation, menyiapkan analisa data serta memastikan dan memutahirkan master data price untuk penetapan harga produk utama dan penetapan harga by product serta jasa non core guna menjamin tercapainya target penjualan dan pemasaran	KS	1		2013-08-15 06:40:45		84
44400	44400	Mengorganisasikan dan mengkoordinasikan kegiatan penyiapan Sistem Informasi Pemasaran yang terintegrasi untuk pemutahiran data bisnis transaksional pemasaran dan mengelola sistem dan data informasi pelanggan serta kegiatan pemrosesan dan pengelolaan transaksi administrasi penjualan produk utama guna menjamin tercapainya target penjualan yang telah ditetapkan	KS	1		2013-08-15 06:41:07		85
4440101	44401	Menjamin produk yang disimpan digudang tidak mengalami kerusakan dan memastikan status mutu produk melalui pemeriksaan secara periodik 	KS	1		2013-09-25 08:03:13		86
44500	44500	Mengorganisasikan dan mengkoordinasikan aktivitas penanganan hasil produksi dan pengiriman kepada Pelanggan dengan meningkatkan ketepatan waktu dan tujuan pengiriman, kecepatan penarikan produk dan mengurangi defect yang terjadi karena handling & pengiriman, peningkatan pencapaian shipment produk jadi kepada Konsumen, penurunan persediaan Produk Jadi Slow Moving, pengendalian persediaan Produk Jadi pada level yang optimum, meningkatkan effisiensi internal handling dan biaya pengiriman produk jadi,  serta memastikan dan memutahirkan master data moda transportasi (vessel, truck & train), transport rute, shipment cost sesuai dengan target yang telah ditetapkan	KS	1		2013-08-15 06:41:27		
50000	50000	Memastikan perusahaan memiliki strategi, kebijakan dan manajemen keuangan yang handal dan adaptif terhadap tuntutan perkembangan maupun kelancaran kegiatan operasional bisnis melalui pengelolaan sistem akuntansi, sistem perbendaharaan dan sistem informasi yang tepat, efektif dan efisien serta memastikan bahwa investasi perusahaan di anak perusahaan dan perusahaan patungan (KS Grup) dapat memberikan deviden yang menguntungkan bagi perusahaan dan pengelolaan Bapelkes PTKS berjalan selaras dengan kepentingan perusahaan dan anggota	KS	1		2013-08-15 06:41:56		23
50200	50200	Merencanakan dan mengendalikan aktivitas fungsi-fungsi dalam unit Investor Realtion untuk memenuhi kewajiban sebagai perusahaan terbuka melalui kegiatan update informasi kinerja perusahaan, peraturan pasar modal dan industri baja serta informasi lain terkait perkembangan saham perusahaan dalam rangka membangun membangun dan menjaga hubungan yang baik antara perusahaan dengan pihak eksternal perusahaan yang mencakup para analis ekuitas saham dan insvestor, baik investor yang telah menjadi pemegang saham maupun calon investor yang berminat pada saham perusahaan sehingga pada akhirnya dapat memberi nilai tambah pada saham perusahaan dan pergadangan saham tetap likuid	KS	1		2013-08-15 06:42:13		87
52000	52000	Merencanakan dan mengendalikan kegiatan catatan akuntansi perusahaan meliputi ; akuntansi keuangan, akuntansi manajemen dan akutansi pabrik sebagai bahan informasi/pendukung dalam pengambilan keputusan bagi manajemen, serta usaha-usaha peningkatkan tingkat pengembalian investasi, mempercepat proses pembayaran klaim dalam rangka meningkatkan kepuasan Pelanggan, meningkatkan kecepatan dan ketepatan  Laporan Keuangan dalam rangka  meningkatkan kualitas pelayanan informasi keuangan	KS	1		2013-08-15 06:42:31		37
52200	52200	Mengorganisasikan dan mengkoordinasikan aktivitas catatan akuntansi keuangan yang berkaitan dengan catatan akuntansi atas hak dan kewajiban perusahaan, mengendalikan dan mengevaluasi proses pengeluaran uang perusahaan serta menjamin ketepatan waktu penerbitan General Ledger untuk penerbitan laporan keuangan perusahaan, laporan keuangan konsolidasi, laporan keuangan konstruksi, mempercepat proses pembayaran klaim	KS	1		2013-08-15 06:42:52		90
52300	52300	Mengorganisasikan dan mengkoordinasikan perencanaan, pengendalian serta peningkatkan efektivitas penyusunan rencana kerja dan anggaran perusahaan baik jangka pendek (RKAP) maupun mendukung proses perencanaan jangka panjang dan menganalisis serta mengevaluasi data-data keuangan, serta memastikan dan memutahirkan data IM Position, GL Account, Cost Centre, Activity Type, Statistical Key Figure, Business process, Cost Element, Standard Hierarchi Cost Centre, Standard hierarchi ABC, Planning, untuk penyusunan dan penerbitan laporan manajemen dalam rangka meningkatkan kualitas pelayanan informasi keuangan dan manajemen	KS	1		2013-08-15 06:43:13		89
52400	52400	Mengkoordinasikan dan mengorganisasikan aktivitas catatan akuntansi yang berkaitan dengan aktivitas pabrik, mengendalikan dan mengevaluasi laporan kegiatan akuntansi pabrik yang (meliputi ; akuntansi biaya produksi dan akuntansi persediaan bahan baku, bahan pembantu, suku cadang dan produk/hasil jadi), verifikasi persediaan dan aktiva tetap, memberikan informasi dan analisis keuangan kepada Manajemen terkait dalam melakukan pengendalian biaya serta memastikan dan memutahirkan master data finished/semi finish products data accounting, posting dan general plant data finished products dan posting dan general plant data	KS	1		2013-08-15 06:43:29		88
53000	53000	Merencanakan dan mengendalikan keuangan perusahaan dalam hal pengendalian realisasi biaya agar tidak melebihi anggaran, strategi dan operasional pendanaan untuk menjaga  working capital dalam level yang tepat dan aman untuk membiayai operasional Perusahaan, menyediakan dana secara tepat untuk  pembiayaan proyek investasi, perpajakan, asuransi dan bea-bea lainnya serta mengatur dan mengontrol pemberian kredit dan penagihan untuk menjamin ketepatan pembayaran secara optimal  serta mengkoordinasikan  pembayaran gaji, biaya SPD  dan pengelolaan biaya kegiatan Direksi/Dekom/karyawan Jakarta	KS	1		2013-08-15 06:43:49		38
53200	53200	Mengendalikan dan mengkoordinasikan kegiatan-kegiatan untuk mendapatkan sumber pembiayaan modal kerja, untuk menjamin dan mengoptimalkan pengelolaan dana dengan tingkat resiko yang dapat diterima	KS	1		2013-08-15 06:44:07		96
53300	53300	Mengorganisasikan, mengkoordinasikan dan mengadministrasikan serta mengendalikan masalah-masalah yang timbul dari transaksi penerimaan dan pengeluaran dana perusahaan meliputi ; transaksi pembukaan dan pembayaran L/C impor, menerbitkan laporan-laporan pokok operasi pendanaan	KS	1		2013-08-15 06:44:21		95
53400	53400	Mengorganisasikan dan mengkoordinasikan kegiatan yang berhubungan dengan kewajiban pajak perusahaan, asuransi perusahaan, bea-bea impor dan faktur tagihan sesuai dengan kebutuhan perusahaan dan peraturan perundangan yang berlaku	KS	1		2013-08-15 06:44:37		94
53500	53500	Mengorganisasikan dan mengkoordinasikan kegiatan pembayaran gaji Direksi/ Dekom/karyawan dan pembayaran biaya rutin untuk keperluan karyawan PT. Krakatau Steel yang berlokasi di Jakarta, serta mengkoordinir piutang macet, melakukan pencatatan dan penyimpanan dokumen asset yang berlokasi di Jakarta	KS	1		2013-08-15 06:46:15		93
53600	53600	Mengorganisasikan dan mengkoordinasikan aktivitas kredit dan penagihan yang meliputi pengendalian pelaksanaan penagihan, pemberian kredit, jaminan dan L/C, analisis kredit  dengan mengevaluasi performansi kredit customer, menentukan Rating Customer dan mereview TOP untuk meningkakan optimalisasi pengendalian jaminan	KS	1		2013-08-15 06:46:33		92
5370001	53700	Mendapatkan sumber pembiayaan proyek investasi strategis yg paling kompetitif, pd tingkat biaya ygdpt diterima, dgn pertimbangan kewajiban & risiko yg sdh diperhitungkan	KS	1		2013-09-20 09:58:26		91
5370002	53700	Melaksanakan atau memfasilitasi keperluan pelaksanaan pembangunan proyek strategis baik Revitalisasi Pabrik maupun Pembangunan Pabrik baru dengan mendatangkan Kreditur dari Dalan maupun Luar Negeri untuk Pembiayaannya 	KS	5423		2013-10-29 02:07:42		91
54000	54000	Merencanakan dan mengendalikan kegiatan pembinaan bisnis, sistem manajemen, penyelarasan rencana kerja tahunan, evaluasi kinerja keuangan dan operasional anak perusahaan dan perusahaan patungan termasuk laporan konsolidasi KS-Group agar kinerja investasi di anak perusahaan dan perusahaan patungan optimal	KS	1		2013-08-15 06:46:51		39
54200	54200	Mengorganisasikan dan mengkoordinasikan kegiatan pembinaan bisnis, sistem manajemen, mengevaluasi keselasaran rencana kerja tahunan, menganalisis dan mengevaluasi kinerja keuangan dan operasional termasuk mendukung proses penyusunan laporan keuangan konsolidasi KS-Group dengan menyediakan data laporan keuangan seluruh anak perusahaan ke dalam system SAP/R3 (ECCS) dan perusahaan patungan Bidang Jasa agar kinerja investasi di anak perusahaan dan perusahaan patungan bidang jasa optimal	KS	1		2013-08-15 06:47:16		97
54300	54300	Mengorganisasikan dan mengkoordinasikan kegiatan pembinaan bisnis, sistem manajemen, mengevaluasi keselasaran rencana kerja tahunan, menganalisis dan mengevaluasi kinerja keuangan dan operasional termasuk mendukung proses penyusunan laporan keuangan konsolidasi KS-Group dengan menyediakan data laporan keuangan seluruh anak perusahaan ke dalam system SAP/R3 (ECCS) dan perusahaan patungan Bidang Manufaktur agar kinerja investasi di anak perusahaan dan perusahaan patungan bidang manufaktur optimal	KS	1		2013-08-15 06:48:08		98
55000	55000	Memikirkan, merumuskan, merekomendasikan dan melaksanakan strategi, kebijakan (policy) dan program perencanaan dan pengendalian pelayanan Sistem Informasi ( IT Services Planning & Control), Perencanaan Teknologi Otomasi Proses terintegrasi dengan strategi perusahaan dan master plan IT, Peningkatan efisiensi cost performance melalui bisnis proses dan pengelolaan Sistem Manajemen Krakatau Steel, untuk menjamin pelayanan Sistem Informasi Perencanaan Teknologi Otomasi Proses dan Perencanaan Bisnis Proses selaras dengan strategi bisnis perusahaan	KS	1		2013-08-15 06:48:37		45
55200	55200	Mengorganisasikan, mengkoordinasikan, merekomendasikan dan melaksanakan program kegiatan perencanaan teknologi dan sistem informasi mulai dari menyusun Master Plan IT, menyusun dan mereview rencana jangka panjang, jangka menengah dan jangka pendek termasuk action plan pengembangan sistem dan teknologi informasi, penggantian teknologi, upgrade volume, capacity planning dan optimalisasi asset mengelola kegiatan pengembangan aplikasi, sistem dan infrastruktur, aplikasi, server, jaringan, infrastruktur dan telekomunikasi handal, untuk menjamin tersedianya teknologi dan sistem informasi yang siap pakai, aplikatif dan mampu menjawab tuntutan organisasi serta memonitor / mengawasi aktivitas  aktivitas Informasi Teknologi yang dioutsourcingkan	KS	1		2013-08-15 06:49:00		
55300	55300	Mengorganisasikan, mengkoordinasikan, merekomendasikan dan melaksanakan program kegiatan perencanaan teknologi otomasi proses yang terintegrasi dengan Master Plan IT, menyusun dan mereview rencana jangka panjang, jangka menengah dan jangka pendek termasuk action plan pengembangan otomasi proses, mengelola kegiatan pengembangan aplikasi, sistem dan infrastruktur yang berkaitan dengan otomasi proses, menjamin tersedianya teknologi otomasi proses yang siap pakai, aplikatif dan mampu menjawab tuntutan organisasi	KS	1		2013-08-15 06:49:58		100
55400	55400	Mengorganisasikan, mengkoordinasikan, merekomendasikan dan melaksanakan program kegiatan pengkajian teknis maupun ekonomis pemilihan teknologi informasi yang tepat sebagai dasar pengembangan bisnis perusahaan maupun peningkatan efisiensi cost performance pada fasilitas produksi bisnis proses yang ada pada saat ini serta mengelola sistem manajemen krakatau steel berbasis sistem informasi, untuk menjamin pengembangan sistem informasi dapat mengikuti pengembagan bisnis maupun peningkatan efisiensi existing facilities	KS	1		2013-08-15 06:50:15		99
60000	60000	Merencanakan, merumuskan, mengendalikan dan mengembangkan kebijakan pengelolaan modal insani dalam rangka menghasilkan modal insani dengan jumlah yang tepat, kinerja dan produktivitas yang tinggi, pada setiap tingkatan organisasi untuk menciptakan nilai tambah bagi perusahaan sesuai dengan ketentuan peraturan per-undangan yang berlaku serta memastikan bahwa program kemitraan & bina lingkungan, pengelolalan keamanan perusahaan, pengelolaaan asset perusahaan berjalan secara efektif dan efisien	KS	1		2013-08-15 06:50:33		24
60200	60200	Mengorganisasikan dan mengkoordinir kegiatan Program Kemitraan dan Bina Lingkungan untuk memberdayakan dan mengembangkan kondisi sosial ekonomi masyarakat dan lingkungan sekitarnya serta menjalin hubungan yang harmonis dengan masyarakat maupun pemerintah daerah dan mengkoordinasikan aktivitas Community Development dengan Corporate Communication dalam rangka menciptakan citra positif perusahaan dan berkontribusi terhadap tingkat kesehatan Perusahaan	KS	1		2013-08-15 06:50:51		101
62000	62000	Memikirkan, merumuskan, merekomendasikan dan melaksanakan strategi serta kebijakan rancangan struktur organisasi, program pengembangan & peningkatan kualitas modal insani, talent management dan pelaksanaan pendidikan & pelatihan sesuai visi dan strategi bisnis korporasi jangka pendek dan jangka panjang	KS	1		2013-08-15 06:51:15		46
62200	62200	Mengorganisasikan, mengkoordinasikan, merekomendasikan dan melaksanakan program dan kegiatan perancangan organisasi, evaluasi jabatan, penyiapan uraian dan profil jabatan, penyusunan jalur karir, pengelolaan otorisasi pengguna SAP/R3, perencanaan dan pengendalian modal insani (human capital planning) dan biaya tenaga kerja, monitoring dan evaluasi penggunaan tenaga kerja kontrak/outsourcing berbasis labour supply, laporan periodik perencanaan modal insani serta perencanaan kebutuhan alat/tempat kerja pendukung pelaksana jabatan	KS	1		2013-08-15 06:51:34		102
62300	62300	Mengorganisasikan, mengkoordinasikan, merekomendasikan dan melaksanakan program dan kegiatan perumusan, penyusunan dan perancangan kebijakan dan sistem peningkatan kualitas modal insani yang akan menjadi  dasar dan acuan dalam usaha memiliki modal insani yang memiliki kompetensi yang telah dipersyaratkan melalui kegiatan seleksi untuk rekrutmen karyawan, perencanaan suksesi karyawan; Talent Management termasuk pengembangan Assessment Center	KS	1		2013-08-15 06:51:52		103
62301	62300	cc	KS	1		2013-11-25 09:20:47		103
6230101	62301	Memikirkan, merumuskan, merekomendasikan dan melaksanakan strategi serta kebijakan rancangan struktur organisasi, program pengembangan & peningkatan kualitas modan insani, talent management dan pelaksanaan pendidikan & pelatihan sesuai visi dan strategi bisnis korporasi jangka pendek dan jangka panjang.	KS	8655A	8655A	2013-10-09 10:40:05	2013-10-21 07:54:46	104
62400	62400	Mengorganisasikan, mengkoordinasikan, merekomendasikan dan melaksanakan program serta kegiatan perencanaan, budgeting,  penjadwalan pendidikan dan pelatihan; training event management; administrasi diklat; pengelolaan sarana/fasilitas/infrastruktur pelatihan dan assessment center, perpustakaan & E-learning, Knowledge Management, program pemagangan/management trainee, kerja praktek siswa/mahasiswa dan bea siswa	KS	1		2013-08-15 06:52:11		
63000	63000	Memikirkan, merumuskan, merekomendasikan dan melaksanakan strategi serta kebijakan (Policy) dalam bidang pemeliharaan, pembinaan & pengintegrasian modal insani yang dimiliki perusahaan, perancangan kebijakan dan sistem remunerasi karyawan, sistem manajemen berbasis MBNQA, sistem administrasi & informasi kekaryawanan, pengelolaan pengamanan perusahaan, pengaturan kendaraan dinas & angkutan karyawan, pengelolaan fasilitas umum, perencanaan dan pengendalian kebutuhan jasa outsourcing kebersihan dan keamanan untuk memastikan setiap aktivitas berjalan efektif & efisien	KS	1		2013-08-15 06:52:30		40
63200	63200	Mengorganisasikan, mengkoordinasikan, merekomendasikan dan melaksanakan program dan kegiatan perancangan, pengembangan dan pemeliharaan kebijakan, sistem dan simulasi remunerasi (Compensastion & Benefit), kegiatan performance management, termasuk pengukuran kinerja berbasis MBNQA kriteria dan pengembangan program peningkatan kinerja modal insani	KS	1		2013-08-15 06:52:47		109
63300	63300	Mengorganisasikan dan mengkoordinasikan pelaksanaan penerapan kebijakan (policy) serta ketentuan peraturan & perundangan bidang ketenagakerjaan, pemberian pelayanan administratif kepada karyawan dan Pembinaan Hubungan Kekaryawanan termasuk dengan serikat karyawan, penanganan kasus-kasus hubungan kerja dan keluhan-keluhan karyawan, administrasi kekaryawanan, administrasi penggajian, peningkatan kesehatan kerja karyawan, Jamsostek dan Program Kesejahteraan lainnya	KS	1		2013-08-15 06:53:07		108
63400	63400	Mengorganisasikan, mengkoordinasikan, merekomendasikan dan melaksanakan program dan kegiatan pelayanan, pemeliharaan, pengawasan dan utilisasi terhadap barang-barang bergerak meliputi mesin kantor, alat kantor dan kendaraan utility serta barang-barang tidak bergerak meliputi ; gedung/perkantoran, rumah dinas, tanah dan arsip agar semua asset perusahaan terpelihara dan terutilisasi dengan baik sehingga aktivitas perusahaan berjalan dengan lancar dan dapat memberikan nilai tambah bagi perusahaan, perencanaan dan pengendalian kebutuhan dan pengawasan pelaksanaan jasa outsourcing kebersihan	KS	1		2013-08-15 06:53:22		107
63500	63500	Mengorganisasikan, mengkoordinasikan, merekomendasikan dan melaksanakan program dan kegiatan pengamanan di kawasan industri PT. Krakatau Steel berbasis sistem manajemen pengamanan, untuk mencegah dan mengatasi ancaman, gangguan, hambatan dan  tantangan (AGHT), perencanaan dan pengendalian kebutuhan dan pengawasan pelaksanaan jasa outsourcing keamanan	KS	1		2013-08-15 06:53:45		106
6350101	63501	'Melakukan program pelatihan dan internal expert  	KS	3723		2013-10-28 06:45:41		105
70000	70000	Merencanakan, merumuskan, mengendalikan dan mengembangkan kebijakan-kebijakan dalam rangka mendukung kegiatan perencanaan dan pengembangan usaha, pengelolaan proyek-proyek strategis, evaluasi dan perencanaan teknologi serta bekerja sama secara langsung dengan CEO dalam melakukan evaluasi keberhasilan Proyek Strategis dan mengkoordinasikan, mengintegrasikan fungsi-fungsi Sub Direktorat Research & Technology, Sub Direktorat Corporate Planning & Business Developement, Sub Direktorat Blast Furnace dan Divisi Project Manajemen, untuk menjamin pencapaian sasaran strategis perusahaan serta bertindak sebagai integrator perencanaan proyek pengembangan Anak Perusahaan / Perusahaan Patungan  yang terkait dengan pengembangan PT. Krakatau Steel (Persero) Tbk	KS	1		2013-08-15 06:54:14		25
70200	70200	Mengorganisasikan, mengkoordinasikan, merekomendasikan dan melaksanakan program dan kegiatan penyusunan project charter, pengaturan resources yang akan dialokasikan ke proyek-proyek pengembangan dan pembangunan yang akan dilaksanakan, melakukan monitoring, pengawasan dan evaluasi pelaksanaan proyek serta pelaporan progress masing-masing  proyek pengembangan dan bertindak sebagai project management office (PMO) serta menjadi Direksi pekerjaan sesuai ketentuan yang diatur dalam prosedur untuk seluruh proyek, program strategis perusahaan dan Anak perusahaan / perusahaan patungan yang terkait dengan proyek pengembangan PT. Krakatau Steel (Persero) Tbk	KS	1		2013-08-15 06:54:38		110
72000	72000	Memikirkan, merumuskan, merekomendasikan dan melaksanakan strategi, kebijakan (policy) dan program dalam bidang riset/pengkajian proses pembuatan produk baja, produk aplikasi baru, material untuk proses pembuatan baja, penyediaan dan penyiapan sarana dan prasarana riset serta pengkajian dan pemilihan teknologi untuk pengembangan bisnis perusahaan, pengelolaan energi dan pemilihan alternatif energi & sumber daya sesuai rencana tahunan dan rencana jangka panjang perusahaan	KS	1		2013-08-15 06:54:55		41
72200	72200	Mengorganisasikan, mengkoordinasikan, merekomendasikan dan melaksanakan program dan kegiatan evaluasi kehandalan teknologi proses  fasilitas existing, pengkajian teknis maupun ekonomis, penggantian atau pemilihan teknologi yang tepat dan pengembangan proses pembuatan produk baja, produk aplikasi baru, material untuk proses pembuatan baja sebagai dasar pengembangan bisnis perusahaan maupun peningkatan efisiensi cost performance pada fasilitas produksi yang ada pada saat ini, menyiapkan Term of Reference dan perhitungan aspek-aspek teknis lainnya atas teknologi dan pengembangan proses terpilih untuk pengembangan bisnis maupun peningkatan efisiensi existing facilities	KS	1		2013-08-15 06:55:15		114
72300	72300	Mengorganisasikan, mengkoordinasikan, merekomendasikan dan melaksanakan pelayanan riset yang meliputi pengujian material, pengelolaan dan pengoperasian peralatan laboratorium pengujian material, uji simulasi serta publikasi dan pengelolaan informasi teknologi	KS	1		2013-08-15 06:55:32		113
72400	72400	Mengorganisasikan, mengkoordinasikan, merekomendasikan dan melaksanakan kegiatan pengelolaan energi dan sumber daya untuk memastikan ketersediaan dan pengelolaan energi dan sumber daya secara optimal untuk menunjang tercapainya target-target produksi yang telah ditetapkan	KS	1		2013-08-15 06:55:47		112
73000	73000	Memikirkan, merumuskan, dan merekomendasikan dan melaksanakan program perencanaan strategis pengembangan bisnis perusahaan jangka panjang,  integrasi rencana kerja dan pengembangan jangka panjang bisnis korporasi (KS Group), pemilihan strategi maupun policy pengembangan bisnis PTKS dan Group, melakukan studi kelayakan proyek pengembangan PTKS yang telah direncanakan dalam RJPP, mengembangan bisnis sinergi dan portofolio investasi korporasi, mengusulkan proyek yang akan dilaksanakan (diimplementasikan) dalam RKAP, dan mengkoordinasikan aktivitas tender proyek pembangunan	KS	1		2013-08-15 06:57:07		42
73200	73200	Mengorganisasikan, mengkoordinasikan, merekomendasikan dan melaksanakan program dan kegiatan perencanaan strategis perusahaan; penyusunan/evaluasi study kelayakan proyek strategis (non rutin), evaluasi study kelayakan proyek non strategis (rutin), penyusunan usulan prioritas proyek untuk dimasukan ke dalam RKAP, dan pengintegrasian rencana jangka panjang korporasi (KS Grup). 	KS	1		2013-08-15 06:57:39		115
73300	73300	Mengorganisasikan, mengkoordinasikan, merekomendasikan dan melaksanakan program & kegiatan  penyusunan jadwal realisasi / work break structure (wbs), penyiapan dokumen realisasi anggaran proyek, penyiapan dokumen dokumen tender (volume 2 dan volume 3),  penyiapan instruksi tender dan pembuatan kontrak, melakukan kontrol anggaran proyek, serta memastikan dan memutahirkan master data project, khususnya project multi year, untuk penyusunan RKAP	KS	1		2013-08-15 06:57:57		116
73400	73400	Mengorganisasikan, mengkoordinasikan, merekomendasikan dan melaksanakan pengembangan sinergi bisnis dan portofolio investasi PT Krakatau Steel pada anak perusahaan dan perusahaan patungan atau perusahaan baru; mengevaluasi kelayakan proyek investasi anak perusahaan dan perusahaan patungan; mengkoordinasi penyusunan RJPP anak perusahaan, dan mensinergikan implemantasi investasi di anak perusahaan atau perusahaan patungan sesuai dengan kebijakan-kebijakan induk perusahaan guna meningkatkan sinergi bisnis pada fungsi operasional di PTKS dan Group	KS	1		2013-08-15 06:58:13		
74000	74000	Memikirkan, merumuskan, merekomendasikan dan melaksanakan strategi, kebijakan dan program pengembangan pabrik Blast Furnace Complex agar tujuan pembangunan pabrik Blast Furnace dapat terlaksana secara tepat waktu, tepat kualitas, biaya yang efisien dan dapat dipertanggungjawabkan sesuai dengan prosedur dan ketentuan yang berlaku	KS	1		2013-08-15 06:58:31		43
74200	74200	Mengorganisasikan, mengkoordinasikan, merekomendasikan dan mengintegrasikan pelaksanaan  operasional proyek Blast Furnace yang meliputi : Blast Furnace Plant, Sinter Plant, Coke Oven Plant, IEA & MIS, Material Handling, HMTP & Interfacing dan General Facilities sehingga pelaksanaan proyek dapat memenuhi tujuan Program Blast Furnace Complex  sesuai dengan Blast Furnace Complec Project Charter	KS	1		2013-08-15 06:59:10		117
